,TV,radio,newspaper,sales
1,219.8,33.5,45.1,19.6
2,284.3,10.6,6.4,15
3,25,11,29.7,7.2
4,184.9,21,22,15.5
5,241.7,38,23.2,21.8
6,134.3,4.9,9.3,11.2
7,139.2,14.3,25.6,12.2
8,213.5,43,33.8,21.7
9,104.6,5.7,34.4,10.4
10,97.2,1.5,30,9.6
11,199.8,2.6,21.2,10.6
12,66.1,5.8,24.2,8.6
13,156.6,2.6,8.3,10.5
14,11.7,36.9,45.2,7.3
15,184.9,43.9,1.7,20.7
16,73.4,17,12.9,10.9
17,232.1,8.6,8.7,13.4
18,85.7,35.8,49.3,13.3
19,129.4,5.7,31.3,11
20,206.8,5.2,19.4,12.2
21,70.6,16,40.8,10.5
22,228,37.7,32,21.5
23,286,13.9,3.7,15.9
24,50,11.6,18.4,8.4
25,283.6,42,66.2,25.5
26,177,33.4,38.7,17.1
27,76.4,0.8,14.8,9.4
28,147.3,23.9,19.1,14.6
29,191.1,28.7,18.2,17.3
30,142.9,29.3,12.6,15
31,182.6,46.2,58.7,21.2
32,4.1,11.6,5.7,3.2
33,7.8,38.9,50.6,6.6
34,188.4,18.1,25.6,14.9
35,39.5,41.1,5.8,10.8
36,199.8,3.1,34.6,11.4
37,109.8,47.8,51.4,16.7
38,43,25.9,20.5,9.6
39,66.9,11.7,36.8,9.7
40,224,2.4,15.6,11.6
41,74.7,49.4,45.7,14.7
42,220.3,49,3.2,24.7
43,136.2,19.2,16.6,13.2
44,44.5,39.3,45.1,10.4
45,280.2,10.1,21.4,14.8
46,262.7,28.8,15.9,20.2
47,112.9,17.4,38.6,11.9
48,67.8,36.6,114,12.5
49,95.7,1.4,7.4,9.5
50,97.5,7.6,7.2,9.7
51,123.1,34.6,12.4,15.2
52,19.4,16,22.3,6.6
53,18.8,21.7,50.4,7
54,87.2,11.8,25.9,10.6
55,273.7,28.9,59.7,20.8
56,199.1,30.6,38.7,18.3
57,214.7,24,4,17.4
58,220.5,33.2,37.9,20.1
59,261.3,42.7,54.7,24.2
60,240.1,16.7,22.9,15.9
61,43.1,26.7,35.1,10.1
62,253.8,21.3,30,17.6
63,202.5,22.3,31.6,16.6
64,175.7,15.4,2.4,14.1
65,217.7,33.5,59,19.4
66,206.9,8.4,26.4,12.9
67,76.3,27.5,16,12
68,13.1,0.4,25.6,5.3
69,240.1,7.3,8.7,13.2
70,0.7,39.6,8.7,1.6
71,17.2,45.9,69.3,9.3
72,197.6,3.5,5.9,11.7
73,265.6,20,0.3,17.4
74,204.1,32.9,46,19
75,137.9,46.4,59,19.2
76,131.7,18.4,34.6,12.9
77,120.5,28.5,14.2,14.2
78,53.5,2,21.4,8.1
79,163.5,36.8,7.4,18
80,213.4,24.6,13.1,17
81,289.7,42.3,51.2,25.4
82,222.4,3.4,13.1,11.5
83,102.7,29.6,8.4,14
84,250.9,36.5,72.3,22.2
85,248.4,30.2,20.3,20.2
86,38.2,3.7,13.8,7.6
87,16.9,43.7,89.4,8.7
88,69.2,20.5,18.3,11.3
89,234.5,3.4,84.8,11.9
90,216.4,41.7,39.6,22.6
91,187.9,17.2,17.9,14.7
92,215.4,23.6,57.6,17.1
93,75.1,35,52.7,12.6
94,75.5,10.8,6,9.9
95,117.2,14.7,5.4,11.9
96,141.3,26.8,46.2,15.5
97,107.4,14,10.9,11.5
98,75.3,20.3,32.5,11.3
99,281.4,39.6,55.8,24.4
100,139.5,2.1,26.6,10.3
101,38,40.3,11.9,10.9
102,180.8,10.8,58.4,12.9
103,7.3,28.1,41.4,5.5
104,140.3,1.9,9,10.3
105,76.4,26.7,22.3,11.8
106,56.2,5.7,29.7,8.7
107,293.6,27.7,1.8,20.7
108,149.8,1.3,24.3,10.1
109,25.1,25.7,43.3,8.5
110,164.5,20.9,47.4,14.5
111,187.8,21.1,9.5,15.6
112,151.5,41.3,58.5,18.5
113,237.4,5.1,23.5,12.5
114,62.3,12.6,18.3,9.7
115,210.8,49.6,37.7,23.8
116,121,8.4,48.7,11.6
117,230.1,37.8,69.2,22.1
118,229.5,32.3,74.2,19.7
119,17.2,4.1,31.6,5.9
120,69,9.3,0.9,9.3
121,80.2,0,9.2,8.8
122,170.2,7.8,35.2,11.7
123,125.7,36.9,79.2,15.9
124,120.2,19.6,11.6,13.2
125,100.4,9.6,3.6,10.7
126,135.2,41.7,45.9,17.2
127,198.9,49.4,60,23.7
128,262.9,3.5,19.5,12
129,28.6,1.5,33,7.3
130,209.6,20.6,10.7,15.9
131,228.3,16.9,26.2,15.5
132,13.2,15.9,49.6,5.6
133,255.4,26.9,5.5,19.8
134,197.6,23.3,14.2,16.6
135,36.9,38.6,65.6,10.8
136,27.5,1.6,20.7,6.9
137,177,9.3,6.4,12.8
138,218.5,5.4,27.4,12.2
139,163.3,31.6,52.9,16.9
140,5.4,29.9,9.4,5.3
141,287.6,43,71.8,26.2
142,296.4,36.3,100.9,23.8
143,238.2,34.3,5.3,20.7
144,8.4,27.2,2.1,5.7
145,26.8,33,19.3,8.8
146,59.6,12,43.1,9.7
147,131.1,42.8,28.9,18
148,19.6,20.1,17,7.6
149,8.6,2.1,1,4.8
150,25.6,39,9.3,9.5
151,110.7,40.6,63.2,16
152,276.7,2.3,23.7,11.8
153,166.8,42,3.6,19.6
154,172.5,18.1,30.7,14.4
155,216.8,43.9,27.2,22.3
156,109.8,14.3,31.7,12.4
157,266.9,43.8,5,25.4
158,265.2,2.9,43,12.7
159,168.4,7.1,12.8,11.7
160,222.4,4.3,49.8,11.7
161,149.7,35.6,6,17.3
162,31.5,24.6,2.2,9.5
163,193.2,18.4,65.7,15.2
164,94.2,4.9,8.1,9.7
165,68.4,44.5,35.6,13.6
166,195.4,47.7,52.9,22.4
167,96.2,14.8,38.9,11.4
168,48.3,47,8.5,11.6
169,44.7,25.8,20.6,10.1
170,248.8,27.1,22.9,18.9
171,89.7,9.9,35.7,10.6
172,227.2,15.8,49.9,14.8
173,90.4,0.3,23.2,8.7
174,116,7.7,23.1,11
175,139.3,14.5,10.2,13.4
176,280.7,13.9,37,16.1
177,8.7,48.9,75,7.2
178,243.2,49,44.3,25.4
179,205,45.1,19.6,22.6
180,225.8,8.2,56.5,13.4
